Timestamp,Latitude,Longitude,Altitude(m),Speed(m/s),HB_Loss_Rate(%),Avg_Ping(ms),Dist_to_Arm_Pt(m)
2026-03-11 10:20:31,22.6613481,114.5003481,0.0,0.0,0.0,37.6,0.0
2026-03-11 10:20:32,22.6613480,114.5003480,0.0,0.0,0.0,39.6,0.0
2026-03-11 10:20:33,22.6613479,114.5003480,0.0,0.0,0.0,39.0,0.0
2026-03-11 10:20:34,22.6613479,114.5003480,0.1,0.0,0.0,40.8,0.0
2026-03-11 10:20:35,22.6613479,114.5003479,0.1,0.0,0.0,36.0,0.0
2026-03-11 10:20:36,22.6613478,114.5003478,0.1,0.0,0.0,36.0,0.0
2026-03-11 10:20:37,22.6613482,114.5003474,0.8,0.0,0.0,36.2,0.1
2026-03-11 10:20:38,22.6613483,114.5003477,2.3,0.1,0.0,39.2,0.0
2026-03-11 10:20:39,22.6613480,114.5003480,4.8,0.1,0.0,36.6,0.0
2026-03-11 10:20:40,22.6613477,114.5003480,7.3,0.0,0.0,32.6,0.0
2026-03-11 10:20:41,22.6613478,114.5003479,9.8,0.0,0.0,33.8,0.0
2026-03-11 10:20:42,22.6613477,114.5003476,12.2,0.0,0.0,33.4,0.1
2026-03-11 10:20:43,22.6613477,114.5003474,14.8,0.0,0.0,31.8,0.1
2026-03-11 10:20:44,22.6613478,114.5003473,16.9,0.0,0.0,31.8,0.1
2026-03-11 10:20:45,22.6613478,114.5003472,18.5,0.0,0.0,33.2,0.1
2026-03-11 10:20:46,22.6613478,114.5003473,19.6,0.0,0.0,27.2,0.1
2026-03-11 10:20:47,22.6613480,114.5003472,20.1,0.0,0.0,27.2,0.1
2026-03-11 10:20:48,22.6613476,114.5003483,20.1,0.4,0.0,23.6,0.1
2026-03-11 10:20:49,22.6613451,114.5003562,20.1,1.4,0.0,27.4,0.9
2026-03-11 10:20:50,22.6613396,114.5003773,20.2,3.1,0.0,25.4,3.1
2026-03-11 10:20:51,22.6613265,114.5004134,20.4,4.4,0.0,29.8,7.1
2026-03-11 10:20:52,22.6613060,114.5004560,20.3,4.6,0.0,34.8,12.0
2026-03-11 10:20:53,22.6612845,114.5004970,20.1,4.6,0.0,34.8,16.9
2026-03-11 10:20:54,22.6612656,114.5005374,20.0,4.8,0.0,36.2,21.5
2026-03-11 10:20:55,22.6612492,114.5005803,20.0,5.0,0.0,37.2,26.3
2026-03-11 10:20:56,22.6612334,114.5006263,20.0,5.1,0.0,45.4,31.3
2026-03-11 10:20:57,22.6612155,114.5006723,20.0,5.0,0.0,42.8,36.4
2026-03-11 10:20:58,22.6611962,114.5007165,19.9,4.9,0.0,36.8,41.4
2026-03-11 10:20:59,22.6611776,114.5007582,19.9,4.2,0.0,38.0,46.2
2026-03-11 10:21:00,22.6611588,114.5007868,20.0,2.8,0.0,35.6,49.7
2026-03-11 10:21:01,22.6611323,114.5007908,20.0,3.3,0.0,30.6,51.4
2026-03-11 10:21:02,22.6610958,114.5007740,20.2,4.2,0.0,32.6,52.0
2026-03-11 10:21:03,22.6610606,114.5007486,20.2,4.3,0.0,32.0,52.1
2026-03-11 10:21:04,22.6610269,114.5007245,20.2,4.6,0.0,28.8,52.7
2026-03-11 10:21:05,22.6609896,114.5007013,20.2,4.9,0.0,29.4,53.9
2026-03-11 10:21:06,22.6609499,114.5006772,20.2,5.0,0.0,34.8,55.7
2026-03-11 10:21:07,22.6609104,114.5006522,20.2,4.9,0.0,37.6,57.9
2026-03-11 10:21:08,22.6608716,114.5006275,20.2,4.9,0.0,37.6,60.3
2026-03-11 10:21:09,22.6608332,114.5006030,20.1,4.7,0.0,40.0,63.0
2026-03-11 10:21:10,22.6607943,114.5005729,20.0,3.4,0.0,43.0,65.8
2026-03-11 10:21:11,22.6607845,114.5005532,20.0,3.0,0.0,44.6,66.2
2026-03-11 10:21:12,22.6607916,114.5005194,19.8,4.2,0.0,41.2,64.4
2026-03-11 10:21:13,22.6608190,114.5004696,19.9,4.8,0.0,43.4,60.2
2026-03-11 10:21:14,22.6608409,114.5004283,20.0,4.8,0.0,41.2,57.1
2026-03-11 10:21:15,22.6608617,114.5003866,20.1,4.9,0.0,38.4,54.3
2026-03-11 10:21:16,22.6608840,114.5003443,20.2,5.1,0.0,34.6,51.7
2026-03-11 10:21:17,22.6609073,114.5003020,20.1,5.1,0.0,31.0,49.3
2026-03-11 10:21:18,22.6609305,114.5002592,20.0,5.1,0.0,25.0,47.4
2026-03-11 10:21:19,22.6609533,114.5002167,20.1,4.9,0.0,24.4,46.0
2026-03-11 10:21:20,22.6609746,114.5001788,20.1,4.1,0.0,27.6,45.1
2026-03-11 10:21:21,22.6609970,114.5001566,20.0,3.0,0.0,25.8,43.8
2026-03-11 10:21:22,22.6610257,114.5001600,20.0,4.0,0.0,23.4,40.8
2026-03-11 10:21:23,22.6610615,114.5001826,20.3,4.8,0.0,27.6,36.2
2026-03-11 10:21:24,22.6611003,114.5002084,20.3,4.8,0.0,27.6,31.1
2026-03-11 10:21:25,22.6611392,114.5002312,20.2,4.9,0.0,31.4,26.2
2026-03-11 10:21:26,22.6611780,114.5002549,20.1,5.0,0.0,32.2,21.2
2026-03-11 10:21:27,22.6612167,114.5002800,20.0,5.1,0.0,34.4,16.2
2026-03-11 10:21:28,22.6612555,114.5003050,19.9,5.1,0.0,36.4,11.2
2026-03-11 10:21:29,22.6612945,114.5003296,19.9,5.1,0.0,33.4,6.3
2026-03-11 10:21:30,22.6613326,114.5003536,19.9,4.5,0.0,27.8,1.8
2026-03-11 10:21:31,22.6613629,114.5003724,19.8,3.2,0.0,29.4,3.0
2026-03-11 10:21:32,22.6613794,114.5003826,19.9,1.4,0.0,28.0,5.0
2026-03-11 10:21:33,22.6613831,114.5003856,19.8,0.3,0.0,27.0,5.5
2026-03-11 10:21:34,22.6613824,114.5003854,19.8,0.2,0.0,23.8,5.4
2026-03-11 10:21:35,22.6613827,114.5003849,19.7,0.2,0.0,27.8,5.4
2026-03-11 10:21:36,22.6613833,114.5003840,19.7,0.2,0.0,26.4,5.4
2026-03-11 10:21:37,22.6613794,114.5003797,19.8,1.1,0.0,27.6,4.8
2026-03-11 10:21:38,22.6613690,114.5003698,19.9,1.7,0.0,31.0,3.2
2026-03-11 10:21:39,22.6613569,114.5003578,19.9,1.5,0.0,36.2,1.4
2026-03-11 10:21:40,22.6613486,114.5003490,19.9,0.7,0.0,39.8,0.1
2026-03-11 10:21:41,22.6613474,114.5003460,19.8,0.0,0.0,39.8,0.2
2026-03-11 10:21:42,22.6613482,114.5003466,19.8,0.1,0.0,39.8,0.2
2026-03-11 10:21:43,22.6613480,114.5003479,19.8,0.1,0.0,40.0,0.0
2026-03-11 10:21:44,22.6613474,114.5003482,19.8,0.0,0.0,41.2,0.1
2026-03-11 10:21:45,22.6613470,114.5003479,19.8,0.1,0.0,40.0,0.1
2026-03-11 10:21:46,22.6613473,114.5003479,19.8,0.1,0.0,34.8,0.1
2026-03-11 10:21:47,22.6613476,114.5003480,19.7,0.1,0.0,38.6,0.1
2026-03-11 10:21:48,22.6613477,114.5003483,18.7,0.1,0.0,43.8,0.0
2026-03-11 10:21:49,22.6613481,114.5003481,17.4,0.1,0.0,39.8,0.0
2026-03-11 10:21:50,22.6613488,114.5003482,15.9,0.1,0.0,40.0,0.1
2026-03-11 10:21:51,22.6613488,114.5003489,14.3,0.1,0.0,38.0,0.1
2026-03-11 10:21:52,22.6613480,114.5003483,12.6,0.2,0.0,36.4,0.0
2026-03-11 10:21:53,22.6613460,114.5003473,11.0,0.1,0.0,30.8,0.2
2026-03-11 10:21:54,22.6613447,114.5003469,10.2,0.0,0.0,32.4,0.4
2026-03-11 10:21:55,22.6613452,114.5003476,9.8,0.2,0.0,28.8,0.3
2026-03-11 10:21:56,22.6613472,114.5003481,9.2,0.3,0.0,33.0,0.1
2026-03-11 10:21:57,22.6613485,114.5003481,8.7,0.1,0.0,33.0,0.0
2026-03-11 10:21:58,22.6613485,114.5003482,8.2,0.0,0.0,28.4,0.0
2026-03-11 10:21:59,22.6613484,114.5003484,7.7,0.0,0.0,28.8,0.0
2026-03-11 10:22:00,22.6613481,114.5003485,7.2,0.0,0.0,33.0,0.0
2026-03-11 10:22:01,22.6613480,114.5003486,6.7,0.0,0.0,37.2,0.1
2026-03-11 10:22:02,22.6613478,114.5003488,6.2,0.1,0.0,37.4,0.1
2026-03-11 10:22:03,22.6613477,114.5003487,5.7,0.1,0.0,38.8,0.1
2026-03-11 10:22:04,22.6613477,114.5003484,5.2,0.1,0.0,41.8,0.1
2026-03-11 10:22:05,22.6613478,114.5003480,4.7,0.0,0.0,41.4,0.0
2026-03-11 10:22:06,22.6613480,114.5003479,4.2,0.0,0.0,43.8,0.0
2026-03-11 10:22:07,22.6613480,114.5003479,3.7,0.0,0.0,44.0,0.0
2026-03-11 10:22:08,22.6613480,114.5003479,3.3,0.0,0.0,45.6,0.0
2026-03-11 10:22:09,22.6613478,114.5003480,2.8,0.0,0.0,47.6,0.0
2026-03-11 10:22:10,22.6613474,114.5003480,2.4,0.0,0.0,47.6,0.1
2026-03-11 10:22:11,22.6613472,114.5003481,1.9,0.1,0.0,43.8,0.1
2026-03-11 10:22:12,22.6613473,114.5003483,1.4,0.1,0.0,39.8,0.1
2026-03-11 10:22:13,22.6613479,114.5003484,0.9,0.1,0.0,39.8,0.0
2026-03-11 10:22:14,22.6613487,114.5003482,0.4,0.0,0.0,36.8,0.1
2026-03-11 10:22:15,22.6613490,114.5003478,0.1,0.1,0.0,34.2,0.1
2026-03-11 10:22:16,22.6613489,114.5003476,-0.0,0.0,0.0,28.2,0.1
2026-03-11 10:22:17,22.6613489,114.5003476,-0.1,0.1,0.0,30.0,0.1
