Timestamp,Latitude,Longitude,Altitude(m),Speed(m/s),Heading(deg),Loss_Rate(%),Avg_Ping(ms),Dist_to_Arm_Pt(m)
2026-03-11 14:52:32,22.6613554,114.5003578,0.0,0.0,63.6,0.0,41.2,0.0
2026-03-11 14:52:33,22.6613554,114.5003578,0.0,0.0,63.6,100.0,41.2,0.0
2026-03-11 14:52:34,22.6613554,114.5003580,0.1,0.1,63.4,0.0,45.2,0.0
2026-03-11 14:52:35,22.6613557,114.5003582,0.8,0.1,62.9,0.0,45.4,0.1
2026-03-11 14:52:36,22.6613562,114.5003580,2.6,0.1,45.3,0.0,38.6,0.1
2026-03-11 14:52:37,22.6613557,114.5003575,5.0,0.1,40.0,0.0,40.0,0.0
2026-03-11 14:52:38,22.6613546,114.5003573,7.4,0.0,40.1,0.0,40.0,0.1
2026-03-11 14:52:39,22.6613551,114.5003577,9.9,0.2,39.1,0.0,39.8,0.0
2026-03-11 14:52:40,22.6613562,114.5003586,12.4,0.0,39.3,0.0,34.4,0.1
2026-03-11 14:52:41,22.6613566,114.5003589,13.7,0.0,39.1,0.0,31.6,0.2
2026-03-11 14:52:42,22.6613568,114.5003587,17.4,0.1,39.4,0.0,33.2,0.2
2026-03-11 14:52:43,22.6613566,114.5003581,20.6,0.1,39.4,0.0,33.8,0.1
2026-03-11 14:52:44,22.6613562,114.5003575,23.1,0.1,38.8,0.0,29.2,0.1
2026-03-11 14:52:45,22.6613556,114.5003575,25.5,0.1,40.8,0.0,30.8,0.0
2026-03-11 14:52:46,22.6613552,114.5003579,27.0,0.0,37.2,0.0,32.6,0.0
2026-03-11 14:52:47,22.6613554,114.5003587,28.8,0.1,40.2,0.0,29.2,0.1
2026-03-11 14:52:48,22.6613558,114.5003589,29.7,0.0,40.0,0.0,26.2,0.1
2026-03-11 14:52:49,22.6613560,114.5003590,30.0,0.1,39.7,0.0,26.2,0.1
2026-03-11 14:52:50,22.6613551,114.5003611,30.2,0.7,58.4,0.0,29.2,0.3
2026-03-11 14:52:51,22.6613483,114.5003712,30.3,2.1,123.8,0.0,29.4,1.6
2026-03-11 14:52:52,22.6613383,114.5003903,30.3,3.5,119.3,0.0,25.4,3.8
2026-03-11 14:52:53,22.6613184,114.5004412,30.4,4.5,116.3,0.0,25.2,9.5
2026-03-11 14:52:54,22.6613036,114.5004855,30.1,4.4,116.4,0.0,25.2,14.3
2026-03-11 14:52:55,22.6612924,114.5005171,30.0,4.6,116.2,0.0,25.6,17.8
2026-03-11 14:52:56,22.6612700,114.5005687,30.1,4.8,117.7,0.0,26.0,23.7
2026-03-11 14:52:57,22.6612491,114.5006100,30.0,4.9,120.3,0.0,26.4,28.5
2026-03-11 14:52:58,22.6612266,114.5006518,30.0,5.0,121.0,0.0,24.8,33.4
2026-03-11 14:52:59,22.6612039,114.5006938,30.0,5.0,121.4,0.0,27.2,38.4
2026-03-11 14:53:00,22.6611818,114.5007354,29.9,4.7,122.1,0.0,25.6,43.3
2026-03-11 14:53:01,22.6611604,114.5007687,29.8,3.5,134.5,0.0,24.4,47.5
2026-03-11 14:53:02,22.6611364,114.5007807,29.8,3.2,177.4,0.0,25.6,49.8
2026-03-11 14:53:03,22.6611046,114.5007681,30.0,4.4,207.0,0.0,26.0,50.6
2026-03-11 14:53:04,22.6610659,114.5007436,30.0,4.8,208.0,0.0,24.0,51.1
2026-03-11 14:53:05,22.6610259,114.5007201,29.8,4.7,207.3,0.0,31.8,52.3
2026-03-11 14:53:06,22.6609870,114.5006975,29.9,4.8,207.9,0.0,30.0,53.8
2026-03-11 14:53:07,22.6609493,114.5006734,30.0,4.9,208.7,0.0,34.6,55.6
2026-03-11 14:53:08,22.6609117,114.5006485,30.1,5.0,209.0,0.0,34.6,57.7
2026-03-11 14:53:09,22.6608730,114.5006235,30.1,5.1,208.8,0.0,40.2,60.2
2026-03-11 14:53:10,22.6608340,114.5005988,30.1,5.0,208.8,0.0,45.0,63.1
2026-03-11 14:53:11,22.6607984,114.5005750,30.0,4.2,213.0,0.0,41.6,65.9
2026-03-11 14:53:12,22.6607775,114.5005494,30.0,3.0,239.3,0.0,48.2,67.3
2026-03-11 14:53:13,22.6607796,114.5005172,30.1,3.8,288.6,100.0,45.6,66.2
2026-03-11 14:53:14,22.6607983,114.5004773,30.2,4.5,299.6,0.0,42.4,63.2
2026-03-11 14:53:15,22.6608208,114.5004355,30.1,4.5,298.6,0.0,37.8,60.0
2026-03-11 14:53:16,22.6608420,114.5003952,30.1,4.6,298.7,0.0,32.2,57.3
2026-03-11 14:53:17,22.6608629,114.5003544,30.1,4.8,298.0,0.0,27.8,54.8
2026-03-11 14:53:18,22.6608849,114.5003125,30.1,5.0,297.9,0.0,26.0,52.6
2026-03-11 14:53:19,22.6609077,114.5002701,30.1,5.1,297.9,0.0,26.8,50.6
2026-03-11 14:53:20,22.6609306,114.5002278,30.1,5.0,298.7,0.0,27.4,49.1
2026-03-11 14:53:21,22.6609531,114.5001867,30.1,4.7,299.4,0.0,29.0,48.1
2026-03-11 14:53:22,22.6609753,114.5001550,30.1,3.5,316.2,0.0,27.6,47.2
2026-03-11 14:53:23,22.6610012,114.5001453,29.9,3.2,6.8,0.0,30.4,45.1
2026-03-11 14:53:24,22.6610363,114.5001590,29.7,4.2,31.8,0.0,30.6,41.0
2026-03-11 14:53:25,22.6610754,114.5001839,29.9,4.4,33.3,0.0,30.0,35.9
2026-03-11 14:53:26,22.6611118,114.5002085,30.0,4.4,32.6,0.0,31.8,31.2
2026-03-11 14:53:27,22.6611479,114.5002320,30.0,4.7,32.2,0.0,31.8,26.5
2026-03-11 14:53:28,22.6611862,114.5002558,30.0,4.9,31.5,0.0,31.0,21.6
2026-03-11 14:53:29,22.6612255,114.5002801,30.1,5.0,31.5,0.0,30.6,16.5
2026-03-11 14:53:30,22.6612644,114.5003047,30.1,5.0,31.8,0.0,32.2,11.5
2026-03-11 14:53:31,22.6613030,114.5003293,30.1,4.9,32.1,0.0,33.4,6.5
2026-03-11 14:53:32,22.6613381,114.5003517,30.1,4.0,32.2,0.0,31.0,2.0
2026-03-11 14:53:33,22.6613623,114.5003673,29.9,2.2,31.3,0.0,32.6,1.2
2026-03-11 14:53:34,22.6613718,114.5003732,29.8,0.7,30.8,0.0,32.8,2.4
2026-03-11 14:53:35,22.6613727,114.5003733,29.9,0.1,30.7,0.0,28.4,2.5
2026-03-11 14:53:36,22.6613722,114.5003728,29.9,0.1,30.8,0.0,30.0,2.4
2026-03-11 14:53:37,22.6613721,114.5003731,29.9,0.1,31.0,0.0,32.0,2.4
2026-03-11 14:53:38,22.6613725,114.5003734,29.8,0.0,30.8,0.0,30.0,2.5
2026-03-11 14:53:39,22.6613728,114.5003733,29.1,0.0,30.5,0.0,27.6,2.5
2026-03-11 14:53:40,22.6613731,114.5003734,27.5,0.0,27.8,0.0,28.8,2.5
2026-03-11 14:53:41,22.6613731,114.5003734,26.0,0.1,28.9,0.0,29.0,2.5
2026-03-11 14:53:42,22.6613723,114.5003729,24.4,0.1,29.1,0.0,31.8,2.4
2026-03-11 14:53:43,22.6613717,114.5003730,22.9,0.1,29.2,0.0,31.0,2.4
2026-03-11 14:53:44,22.6613719,114.5003732,21.4,0.1,30.6,0.0,32.0,2.4
2026-03-11 14:53:45,22.6613726,114.5003733,19.9,0.0,30.1,0.0,32.0,2.5
2026-03-11 14:53:46,22.6613728,114.5003734,18.4,0.0,30.9,0.0,33.6,2.5
2026-03-11 14:53:47,22.6613729,114.5003732,16.9,0.1,32.2,0.0,31.0,2.5
2026-03-11 14:53:48,22.6613726,114.5003731,15.4,0.1,31.9,0.0,24.8,2.5
2026-03-11 14:53:49,22.6613720,114.5003731,13.9,0.0,31.3,0.0,29.6,2.4
2026-03-11 14:53:50,22.6613721,114.5003729,12.3,0.0,33.2,0.0,41.0,2.4
2026-03-11 14:53:51,22.6613721,114.5003729,10.9,0.0,31.3,0.0,38.8,2.4
2026-03-11 14:53:52,22.6613721,114.5003729,10.4,0.0,32.4,0.0,37.6,2.4
2026-03-11 14:53:53,22.6613720,114.5003730,9.9,0.1,31.6,0.0,38.0,2.4
2026-03-11 14:53:54,22.6613720,114.5003734,9.4,0.1,31.6,0.0,38.8,2.4
2026-03-11 14:53:55,22.6613722,114.5003737,8.8,0.1,31.7,0.0,27.2,2.5
2026-03-11 14:53:56,22.6613723,114.5003738,8.3,0.0,32.1,0.0,29.8,2.5
2026-03-11 14:53:57,22.6613724,114.5003737,7.8,0.0,32.1,0.0,35.2,2.5
2026-03-11 14:53:58,22.6613723,114.5003733,7.3,0.0,32.1,0.0,40.0,2.5
2026-03-11 14:53:59,22.6613721,114.5003732,6.8,0.0,31.9,0.0,38.0,2.4
2026-03-11 14:54:00,22.6613714,114.5003730,6.3,0.0,29.9,0.0,39.2,2.4
2026-03-11 14:54:01,22.6613714,114.5003730,5.8,0.1,27.4,0.0,36.6,2.4
2026-03-11 14:54:02,22.6613714,114.5003730,5.3,0.1,26.0,0.0,36.6,2.4
2026-03-11 14:54:03,22.6613715,114.5003728,4.9,0.1,28.0,0.0,36.8,2.4
2026-03-11 14:54:04,22.6613716,114.5003729,4.4,0.1,31.6,0.0,31.4,2.4
2026-03-11 14:54:05,22.6613718,114.5003732,3.9,0.1,31.2,0.0,27.2,2.4
2026-03-11 14:54:06,22.6613716,114.5003739,3.4,0.1,32.1,0.0,26.4,2.4
2026-03-11 14:54:07,22.6613719,114.5003747,2.9,0.2,34.1,0.0,27.8,2.5
2026-03-11 14:54:08,22.6613726,114.5003744,2.4,0.2,32.0,0.0,26.6,2.6
2026-03-11 14:54:09,22.6613726,114.5003737,1.9,0.1,32.3,0.0,29.2,2.5
2026-03-11 14:54:10,22.6613718,114.5003730,1.4,0.1,33.2,0.0,34.8,2.4
2026-03-11 14:54:11,22.6613711,114.5003730,0.9,0.1,32.2,0.0,35.8,2.3
2026-03-11 14:54:12,22.6613707,114.5003733,0.4,0.1,32.5,0.0,36.6,2.3
2026-03-11 14:54:13,22.6613699,114.5003743,0.2,0.1,30.5,0.0,36.6,2.3
2026-03-11 14:54:15,22.6613694,114.5003746,0.1,0.1,30.5,0.0,38.2,2.3
